{
  "params": {
    "dataset": "gist-960-euclidean",
    "experiment": "qdrant-on-disk-default",
    "engine": "qdrant",
    "parallel": 8,
    "config": {
      "hnsw_ef": 128
    }
  },
  "results": {
    "total_time": 5.935763200002839,
    "mean_time": 0.013710761000053025,
    "mean_precisions": 0.89098,
    "std_time": 0.0029708433566932556,
    "min_time": 0.005217000005359296,
    "max_time": 0.04421290000027511,
    "rps": 168.47033250914083,
    "p95_time": 0.018699999997625123,
    "p99_time": 0.022652904000424315
  }
}