{
  "params": {
    "dataset": "random-match-int-100-angular-filters",
    "experiment": "milvus-on-disk-default",
    "engine": "milvus",
    "parallel": 8,
    "config": {}
  },
  "results": {
    "total_time": 13.917793299999175,
    "mean_time": 0.008333011160003661,
    "mean_precisions": 0.284904,
    "std_time": 0.01492925766796437,
    "min_time": 0.004384399999253219,
    "max_time": 0.5000910999988264,
    "rps": 718.5047072081888,
    "p95_time": 0.010725459999594022,
    "p99_time": 0.013688200002688977
  }
}