{
  "params": {
    "dataset": "dbpedia-openai-100K-1536-angular",
    "experiment": "qdrant-on-disk-default",
    "engine": "qdrant",
    "parallel": 8,
    "config": {
      "hnsw_ef": 128
    }
  },
  "results": {
    "total_time": 13.844286799998372,
    "mean_time": 0.01467642184003198,
    "mean_precisions": 0.9954399999999998,
    "std_time": 0.0019442365951372407,
    "min_time": 0.006079500002670102,
    "max_time": 0.03587899999547517,
    "rps": 361.1598107026061,
    "p95_time": 0.01762053500096954,
    "p99_time": 0.020706472003657845
  }
}