{
  "params": {
    "dataset": "arxiv-titles-384-angular-no-filters",
    "experiment": "qdrant-on-disk-default",
    "engine": "qdrant",
    "parallel": 8,
    "config": {
      "hnsw_ef": 128
    }
  },
  "results": {
    "total_time": 22.99823639999886,
    "mean_time": 0.00976396877998656,
    "mean_precisions": 0.9915866666666666,
    "std_time": 0.0063646264784906585,
    "min_time": 0.003935799999453593,
    "max_time": 0.15126099999906728,
    "rps": 652.2239244397342,
    "p95_time": 0.013972025000657595,
    "p99_time": 0.02062339500225792
  }
}