{
  "params": {
    "dataset": "arxiv-titles-384-angular-no-filters",
    "experiment": "qdrant-on-disk-default",
    "engine": "qdrant",
    "parallel": 8,
    "config": {
      "hnsw_ef": 128
    }
  },
  "results": {
    "total_time": 20.758503299999575,
    "mean_time": 0.008635358140005458,
    "mean_precisions": 0.9915866666666666,
    "std_time": 0.003217635180150576,
    "min_time": 0.0030140999988361727,
    "max_time": 0.1361801999992167,
    "rps": 722.5954483915181,
    "p95_time": 0.010933910001040204,
    "p99_time": 0.013778596000593099
  }
}